id,program_id
2568,23
1570,49
1571,49
1572,49
1573,49
1574,49
1575,49
1578,50
1579,50
1580,50
1581,50
1582,50
1583,50
143,75
1765,77
1659,80
193,82
342,83
343,83
344,83
4536,83
2368,94
2313,118
1925,120
1926,120
1927,120
488,124
489,124
490,124
491,124
1337,124
1338,124
2448,130
5113,132
2298,135
2071,144
1188,154
2547,166
2548,166
159,173
434,180
2541,186
2062,198
692,205
505,234
41,241
1480,248
1481,248
1482,248
4538,248
4667,314
1750,327
2005,344
2006,344
1286,352
2134,358
2135,358
1176,366
2381,378
2382,378
2383,378
474,389
2399,404
2838,416
2009,417
2449,421
2450,421
1766,453
2843,486
1187,496
1949,501
1950,501
1951,501
4359,502
4360,502
2092,506
166,511
698,540
693,541
694,541
695,541
696,541
697,541
2106,542
228,552
229,552
230,552
1974,569
1975,569
1976,569
1977,569
1978,569
1979,569
109,589
110,589
2061,598
194,611
1175,612
1129,624
2393,630
2394,630
2395,630
2396,630
4356,630
4357,630
1903,631
1904,631
2086,638
2087,638
2088,638
2089,638
2090,638
2091,638
3147,638
4789,638
4790,638
876,658
877,658
878,658
1785,678
1727,701
1728,701
545,728
546,728
198,734
1958,738
1959,738
1317,740
5360,740
5361,740
2350,756
2384,764
471,846
472,846
2013,846
351,888
2110,908
2113,909
2095,910
2096,910
2111,911
2107,912
2112,913
501,936
502,936
2785,953
1186,978
79,1048
1783,1056
2502,1084
2503,1084
2504,1084
156,1088
3115,1091
3116,1091
71,1092
4584,1106
4255,1128
4256,1128
4257,1128
4258,1128
4259,1128
4260,1128
4261,1128
2165,1132
2166,1132
3552,1132
3553,1132
5146,1142
3554,1144
3555,1144
5143,1144
5144,1144
5145,1144
5657,1144
5658,1144
5659,1144
5660,1144
1295,1150
2986,1151
2987,1151
2988,1151
5206,1151
5153,1158
3793,1169
3794,1169
3795,1169
3797,1174
1891,1176
1892,1176
1842,1177
1843,1177
154,1186
359,1206
1973,1218
431,1229
1917,1230
4,1235
2038,1239
2039,1239
2040,1239
2041,1239
5633,1239
5634,1239
2464,1242
36,1255
37,1255
2371,1264
458,1276
459,1276
743,1277
744,1277
2719,1289
2720,1289
2721,1289
2723,1289
5358,1289
5359,1289
2783,1292
540,1295
541,1295
382,1296
383,1296
384,1296
386,1296
387,1296
388,1296
389,1296
2145,1299
2146,1299
2147,1299
2148,1299
2149,1299
2150,1299
2151,1299
2621,1300
2623,1300
5787,1300
1132,1333
1130,1335
93,1342
94,1342
95,1342
96,1342
4976,1342
3384,1344
3385,1344
3386,1344
3387,1344
3388,1344
3389,1344
3179,1346
3180,1346
3181,1346
3182,1346
3183,1346
1867,1352
3021,1356
5835,1356
5836,1356
5837,1356
3065,1373
3066,1373
3067,1373
3068,1373
5654,1373
5655,1373
3267,1374
3268,1374
3269,1374
3270,1374
3271,1374
3272,1374
3380,1392
3381,1392
3382,1392
3383,1392
3405,1394
3406,1394
3367,1406
3368,1406
3369,1406
3370,1406
3371,1406
3372,1406
3373,1406
3374,1406
4156,1415
4157,1415
4158,1415
4159,1415
4160,1415
4161,1415
4606,1420
4607,1420
4608,1420
4609,1420
4610,1420
4611,1420
4612,1420
4613,1420
4614,1420
4615,1420
2787,1427
2788,1427
2790,1427
5080,1428
5081,1428
5082,1428
5083,1428
4421,1441
4422,1441
4423,1441
4424,1441
4425,1441
4426,1441
1324,1450
2978,1451
3906,1455
4756,1458
4757,1458
4758,1458
4759,1458
4760,1458
4761,1458
4762,1458
4763,1458
4764,1458
4765,1458
4766,1458
4767,1458
4768,1458
4745,1459
4746,1459
4747,1459
4748,1459
4749,1459
4750,1459
4751,1459
4791,1461
4792,1461
4793,1461
4794,1461
4795,1461
4796,1461
4799,1463
4800,1463
4801,1463
4802,1463
4803,1463
2170,1491
1632,1492
1634,1492
2725,1503
1880,1510
1881,1510
2456,1518
3825,1522
3826,1522
3827,1522
3828,1522
3829,1522
326,1531
327,1531
329,1531
330,1531
331,1531
332,1531
333,1531
334,1531
1585,1534
1586,1534
1587,1534
5408,1534
5409,1534
5410,1534
2115,1536
2116,1536
2118,1536
2121,1536
5674,1536
2253,1544
2254,1544
2217,1549
2218,1549
2219,1549
2220,1549
5735,1549
3574,1553
3575,1553
3576,1553
3577,1553
3578,1553
4358,1565
1007,1570
1008,1570
1009,1570
1010,1570
1011,1570
5618,1570
5619,1570
5620,1570
5621,1570
5622,1570
5623,1570
703,1571
704,1571
705,1571
706,1571
707,1571
708,1571
709,1571
710,1571
711,1571
5560,1572
5561,1572
1040,1574
1041,1574
1042,1574
5615,1574
5616,1574
5617,1574
804,1575
805,1575
806,1575
807,1575
809,1575
5562,1575
5563,1575
5564,1575
5565,1575
5566,1575
5567,1575
5568,1575
5569,1575
5570,1575
5571,1575
5572,1575
5573,1575
5574,1575
5575,1575
5576,1575
712,1576
713,1576
714,1576
715,1576
716,1576
717,1576
718,1576
719,1576
720,1576
721,1576
722,1576
734,1577
735,1577
736,1577
737,1577
738,1577
80,1578
4836,1580
4837,1580
4838,1580
4839,1580
4840,1580
4841,1580
4842,1580
4843,1580
4852,1580
4853,1581
4854,1581
4855,1581
4856,1581
4857,1581
4858,1581
4859,1581
4860,1581
5025,1589
5026,1589
5027,1589
5028,1589
5029,1589
5030,1589
5031,1589
5032,1589
5033,1589
5034,1589
5035,1589
5036,1589
261,1590
263,1590
3824,1590
2124,1592
1749,1593
2430,1608
4295,1613
4296,1613
4297,1613
4298,1613
3879,1614
3880,1614
3881,1614
3882,1614
3883,1614
3884,1614
3885,1614
4299,1615
845,1623
846,1623
847,1623
848,1623
849,1623
850,1623
5613,1623
5614,1623
4164,1630
4165,1630
4166,1630
4167,1630
4168,1630
4169,1630
4197,1643
4198,1643
4199,1643
4200,1643
4201,1643
4202,1643
4203,1643
4204,1643
4205,1643
4206,1643
4207,1643
4208,1643
4242,1645
4243,1645
4244,1645
4884,1651
3898,1659
3899,1659
3900,1659
3901,1659
3902,1659
3903,1659
3904,1659
3905,1659
2316,1661
3874,1663
3875,1663
3876,1663
3877,1663
3878,1663
864,1664
865,1664
866,1664
867,1664
868,1664
4320,1665
4321,1665
4322,1665
4323,1665
857,1666
859,1666
860,1666
861,1666
863,1666
2979,1674
5861,1674
5862,1674
5365,1679
2314,1682
4341,1684
4342,1684
4343,1684
4344,1684
4345,1684
4346,1684
4047,1686
4048,1686
4049,1686
4050,1686
4051,1686
2475,1687
4290,1689
4291,1689
4292,1689
4293,1689
4294,1689
4804,1692
4805,1692
4806,1692
4807,1692
4808,1692
4809,1692
4810,1692
4825,1692
4826,1692
4827,1692
5404,1692
5405,1692
4844,1700
4845,1700
4846,1700
4847,1700
4848,1700
4849,1700
4850,1700
4851,1700
2273,1715
2274,1715
2275,1715
2276,1715
5673,1716
4347,1718
4348,1718
4349,1718
4350,1718
4351,1718
4352,1718
3332,1753
3335,1753
3336,1753
2602,1767
1530,1772
5913,1772
5914,1772
1531,1773
1532,1773
5844,1774
5845,1774
5084,1777
5085,1777
4510,1780
4511,1780
4512,1780
4513,1780
4514,1780
4515,1780
4516,1780
1280,1784
1109,1786
1110,1786
1111,1786
1112,1786
1113,1786
1115,1787
1116,1787
1117,1787
4011,1788
4012,1788
4013,1788
4014,1788
4015,1788
4016,1788
4017,1788
4018,1788
4019,1788
4020,1788
4021,1788
4022,1788
4023,1788
4024,1788
4025,1788
448,1801
449,1801
450,1801
1774,1803
1781,1804
4400,1804
1784,1805
3681,1806
3682,1806
3683,1806
3684,1806
3685,1806
3686,1806
3687,1806
2755,1807
2758,1807
5821,1807
3669,1808
5822,1808
3947,1810
3948,1810
3949,1810
3950,1810
3951,1810
3952,1810
3953,1810
3954,1810
3955,1810
3956,1810
3957,1810
106,1811
107,1811
108,1811
4974,1811
4975,1811
5873,1812
5874,1812
5875,1812
5876,1812
5877,1812
5878,1812
5879,1812
5880,1812
3427,1829
3428,1829
3429,1829
3430,1829
3431,1829
3432,1829
3433,1829
3434,1829
2017,1830
3667,1831
3668,1831
2458,1837
4633,1866
4634,1866
4635,1866
4636,1866
4637,1866
4638,1866
4639,1866
3958,1867
3959,1867
3960,1867
3961,1867
3962,1867
3963,1867
3866,1882
3867,1882
3868,1882
3869,1882
3870,1882
3871,1882
3872,1882
3918,1885
3919,1885
3920,1885
3921,1885
3922,1885
3923,1885
3924,1885
3925,1885
3926,1885
3964,1889
3965,1889
3966,1889
3979,1894
3980,1894
3981,1894
3982,1894
3983,1894
3984,1894
3985,1894
3986,1894
3987,1894
3988,1894
3995,1896
3996,1896
3997,1896
3998,1896
3999,1896
4000,1896
4176,1897
4177,1897
4178,1897
4179,1897
4180,1897
4181,1897
4182,1897
4183,1897
4184,1897
4185,1897
4525,1902
4526,1902
4527,1902
3895,1903
3896,1903
3897,1903
4485,1916
4494,1916
4495,1916
4496,1916
4497,1916
4498,1916
4499,1916
4500,1916
4501,1916
4502,1916
4503,1916
4504,1916
4505,1916
4506,1916
4507,1916
4508,1916
4769,1917
4770,1917
4771,1917
4772,1917
4773,1917
4774,1917
4775,1917
4776,1917
4777,1917
4778,1917
4779,1917
4780,1917
4781,1917
5823,1920
5824,1920
5825,1920
5826,1920
3854,1924
3855,1924
4101,1925
4102,1925
4103,1925
4104,1925
4105,1925
4106,1925
4107,1925
4108,1925
4109,1925
4557,1926
4558,1926
4559,1926
4560,1926
4561,1926
4562,1926
4563,1926
4564,1926
1249,1929
1250,1929
1251,1929
5936,1929
5937,1929
5938,1929
5939,1929
5940,1929
232,1930
233,1930
235,1930
236,1930
237,1930
238,1930
239,1930
5132,1930
5133,1930
5134,1930
723,1931
724,1931
725,1931
726,1931
727,1931
728,1931
729,1931
285,1932
286,1932
287,1932
289,1932
5141,1932
730,1934
731,1934
732,1934
5902,1934
5903,1934
5904,1934
5905,1934
5906,1934
522,1935
523,1935
524,1935
525,1935
526,1935
528,1935
529,1935
530,1935
531,1935
532,1935
5384,1935
5385,1935
5386,1935
5387,1935
5388,1935
5389,1935
5390,1935
879,1939
880,1939
881,1939
882,1939
883,1939
884,1939
885,1939
5289,1939
5290,1939
5291,1939
547,1940
548,1940
549,1940
550,1940
551,1940
552,1940
553,1940
5277,1940
5278,1940
4308,1941
4309,1941
4310,1941
4311,1941
4312,1941
4313,1941
4314,1941
61,1942
62,1942
63,1942
64,1942
65,1942
4997,1942
4998,1942
4999,1942
5000,1942
5001,1942
5002,1942
5003,1942
5004,1942
5005,1942
5006,1942
5007,1942
5008,1942
5009,1942
5010,1942
2907,1943
2908,1943
2909,1943
2911,1943
2912,1943
2913,1943
2914,1943
2915,1943
2916,1943
2917,1943
2918,1943
4315,1943
4316,1943
4977,1944
4978,1944
4979,1944
4980,1944
4981,1944
4982,1944
4983,1944
4984,1944
4985,1944
4986,1944
4987,1944
4988,1944
4989,1944
4990,1944
4991,1944
4992,1944
4993,1944
4994,1944
4995,1944
4996,1944
3971,1946
3972,1946
3973,1946
1050,1947
5318,1947
5319,1947
5320,1947
5321,1947
5015,1948
5016,1948
5017,1948
5018,1948
5019,1948
5020,1948
5021,1948
5022,1948
5023,1948
5024,1948
563,1949
565,1949
3398,1951
3399,1951
1289,1958
1290,1958
1291,1958
2592,1966
1283,1970
1284,1970
2991,1983
2992,1983
2855,2000
2856,2000
2512,2003
2513,2003
2514,2004
2515,2004
2516,2004
2517,2004
2518,2004
2519,2004
57,2006
58,2006
3691,2007
3692,2007
220,2008
221,2008
222,2008
2234,2011
5241,2011
5242,2011
5243,2011
5244,2011
5245,2011
5246,2011
5255,2011
2133,2012
2225,2013
2228,2013
5249,2013
5250,2013
5251,2013
5252,2013
2180,2014
2181,2014
5253,2014
5254,2014
5257,2014
2245,2015
2246,2015
2247,2015
2248,2015
5247,2015
5248,2015
5256,2015
2141,2016
1287,2024
1288,2024
987,2029
2642,2030
2643,2030
5795,2031
5796,2031
5797,2031
2082,2036
2083,2036
2084,2036
2085,2036
990,2039
991,2039
992,2039
993,2039
994,2039
995,2039
1032,2039
5223,2039
5224,2039
5225,2039
5226,2039
5227,2039
1266,2041
1267,2041
1268,2041
1269,2041
1270,2041
2975,2041
2976,2041
2977,2041
5727,2045
5728,2045
5729,2045
5730,2045
5731,2045
5732,2045
5733,2045
5734,2045
1265,2050
1256,2051
5805,2075
5806,2075
5807,2075
5808,2075
5809,2075
5810,2075
5811,2075
5812,2075
5813,2075
257,2077
258,2077
2792,2080
2793,2080
2794,2080
2795,2080
2796,2080
2797,2080
2798,2080
3812,2080
2098,2084
2099,2084
2100,2084
2102,2084
2104,2084
5698,2084
5699,2084
5700,2084
5701,2084
2097,2087
1200,2088
1202,2088
5220,2088
5213,2091
5214,2091
5215,2091
5216,2091
5217,2091
5218,2091
3138,2099
3139,2099
5897,2099
3353,2103
3354,2103
3355,2103
3356,2103
3357,2103
3358,2103
3359,2103
3360,2103
3621,2105
3622,2105
3623,2105
3624,2105
3625,2105
3626,2105
3627,2105
3628,2105
2593,2106
2594,2106
2595,2106
2596,2106
5786,2106
2209,2110
2212,2110
2214,2110
5776,2110
5777,2110
1384,2115
1385,2115
1386,2115
3693,2121
3694,2121
5745,2121
5924,2122
5925,2122
5926,2122
5927,2122
5928,2122
5929,2122
5930,2122
5931,2122
5932,2122
5921,2124
3989,2130
3990,2130
3991,2130
3992,2130
3993,2130
3994,2130
1940,2132
1942,2132
1943,2132
1944,2132
1945,2132
1946,2132
1947,2132
5759,2132
1988,2138
5760,2138
5761,2138
5762,2138
5763,2138
5764,2138
5765,2138
5766,2138
3223,2142
3224,2142
3225,2142
3226,2142
3227,2142
4365,2152
4366,2152
4367,2152
4368,2152
4369,2152
4370,2152
4371,2152
5831,2155
1025,2157
1026,2157
1027,2157
1028,2157
5941,2157
1029,2158
1030,2158
1031,2158
2750,2163
5096,2163
5097,2163
5098,2163
5099,2163
5100,2163
5101,2163
5095,2164
2752,2165
1252,2166
4539,2173
2753,2176
2754,2176
5109,2176
5110,2176
5111,2176
5112,2176
2778,2177
2779,2177
2900,2177
2901,2177
5103,2177
5104,2177
5105,2177
5106,2177
5107,2177
5108,2177
5306,2178
5307,2178
5308,2178
5310,2178
5311,2178
950,2179
951,2179
952,2179
954,2179
955,2179
956,2179
2995,2181
2996,2181
2997,2182
2998,2182
3000,2182
5834,2182
4429,2185
4430,2185
4431,2185
4432,2185
4433,2185
4434,2185
5704,2190
5705,2190
1190,2195
1191,2195
1192,2195
1193,2195
1194,2195
1195,2195
1196,2195
1197,2195
1198,2195
4005,2197
4006,2197
4007,2197
4008,2197
4009,2197
4010,2197
4034,2199
4035,2199
4579,2202
4580,2202
4582,2202
4583,2202
5883,2202
5884,2202
5885,2202
4565,2204
1897,2207
2572,2208
5636,2208
5637,2208
2573,2209
2625,2210
3814,2212
3815,2212
3816,2212
3817,2212
3818,2212
3819,2212
3820,2212
3821,2212
3822,2212
208,2214
209,2214
210,2214
211,2214
2583,2220
2584,2220
2585,2220
2305,2221
5703,2221
2308,2222
3813,2222
2306,2223
2307,2223
102,2233
103,2233
104,2233
105,2233
5037,2233
5038,2233
4486,2237
4487,2237
4488,2237
4489,2237
4567,2239
4568,2239
4569,2239
4570,2239
4571,2239
4572,2239
5799,2241
5800,2241
5801,2241
5802,2241
5803,2241
5804,2241
964,2249
965,2249
966,2249
967,2249
968,2249
5288,2249
575,2250
576,2250
577,2250
578,2250
5373,2250
5374,2250
5375,2250
5376,2250
2920,2251
2921,2251
2922,2251
4318,2251
4319,2251
4566,2251
2923,2252
4324,2253
4325,2253
4326,2253
4327,2253
4328,2253
4329,2253
4330,2253
4331,2253
4332,2256
4333,2256
4334,2256
4335,2256
4336,2256
4337,2256
4338,2256
4339,2256
4340,2256
891,2258
892,2258
893,2258
894,2258
895,2258
896,2258
898,2258
5140,2258
584,2259
585,2259
586,2259
587,2259
588,2259
5279,2259
5280,2259
5281,2259
5282,2259
5283,2259
3602,2260
3603,2260
3604,2260
3605,2260
3606,2260
3607,2260
3608,2260
3609,2260
2347,2262
2349,2262
5712,2264
5715,2264
1999,2266
2000,2266
2001,2266
2002,2266
2010,2269
2011,2269
2012,2269
2333,2278
2334,2278
2335,2278
2336,2279
2337,2279
2338,2279
1312,2280
1313,2280
1314,2280
1315,2280
1316,2280
3544,2282
3545,2282
3546,2282
3547,2282
646,2284
76,2286
915,2288
916,2288
917,2288
918,2288
919,2288
5293,2288
5294,2288
3938,2289
3939,2289
3940,2289
3941,2289
3942,2289
3943,2289
3944,2289
3945,2289
3946,2289
2821,2290
2822,2290
2823,2290
1421,2296
1422,2296
1423,2296
1406,2297
1407,2297
1408,2297
3865,2297
3610,2301
3613,2301
3614,2301
3615,2301
3315,2306
3316,2306
3317,2306
3318,2306
3308,2307
3309,2307
3310,2307
3311,2307
3312,2307
3313,2307
3314,2307
5,2311
6,2311
7,2311
8,2311
9,2311
4605,2311
2532,2316
2533,2316
2534,2316
771,2318
772,2318
773,2318
775,2318
776,2318
777,2318
5271,2318
5272,2318
3845,2320
3846,2320
3847,2320
3848,2320
3849,2320
3850,2320
3851,2320
3852,2320
3853,2320
3786,2325
3787,2325
3788,2325
3789,2325
3790,2325
2780,2342
5639,2364
5640,2364
5641,2364
5642,2364
5643,2364
5644,2364
3114,2370
3327,2373
3328,2373
3329,2373
3330,2373
5664,2373
5665,2373
3634,2399
3635,2399
3636,2399
3637,2399
3638,2399
2542,2402
2408,2404
2461,2421
1770,2426
1771,2426
1772,2426
1773,2426
1775,2426
1776,2426
1777,2426
1779,2426
1780,2426
1534,2434
1788,2437
1790,2437
1791,2437
1793,2437
1796,2437
1797,2437
1798,2437
1799,2437
2879,2444
1806,2445
3492,2447
3493,2447
3494,2447
3495,2447
3496,2447
3497,2447
3498,2447
3499,2447
3500,2447
3501,2447
3502,2447
533,2448
534,2448
535,2448
536,2448
538,2448
539,2448
5391,2448
5392,2448
5393,2448
5394,2448
5395,2448
5396,2448
542,2449
543,2449
5377,2449
5378,2449
5379,2449
5380,2449
5381,2449
5382,2449
5383,2449
1319,2451
1320,2451
1321,2451
1322,2451
1323,2451
2877,2451
2878,2451
4549,2453
4550,2453
4551,2453
4552,2453
4553,2453
4554,2453
4555,2453
4556,2453
1081,2466
223,2467
225,2467
226,2467
5933,2467
5934,2467
5935,2467
1213,2469
1214,2469
1215,2469
1217,2469
1221,2469
5750,2469
5751,2469
1222,2470
1223,2470
3804,2475
3805,2475
3806,2475
3807,2475
3808,2475
3809,2475
3810,2475
3811,2475
1204,2478
1205,2478
1206,2478
1207,2478
1208,2478
1209,2478
1210,2478
1211,2478
1212,2478
2820,2487
4379,2489
4380,2489
4381,2489
4382,2489
4383,2489
4384,2489
4385,2489
4386,2489
2574,2493
2575,2493
2576,2493
2577,2493
2578,2493
1277,2503
4782,2508
4783,2508
4784,2508
4785,2508
4786,2508
4787,2508
4788,2508
5753,2512
4797,2514
4798,2514
5078,2515
5079,2515
554,2519
567,2520
4247,2526
4248,2526
292,2532
293,2532
294,2532
295,2532
296,2532
297,2532
5167,2532
5168,2532
5169,2532
595,2533
596,2533
597,2533
598,2533
602,2534
603,2534
604,2534
605,2534
606,2534
607,2534
608,2534
5273,2534
5274,2534
5275,2534
5276,2534
81,2537
899,2538
900,2538
901,2538
902,2538
5558,2538
5559,2538
640,2539
641,2539
642,2539
643,2539
644,2539
645,2539
5455,2539
5456,2539
5457,2539
5458,2539
903,2540
904,2540
905,2540
906,2540
5530,2540
5531,2540
5532,2540
647,2541
648,2541
649,2541
650,2541
5470,2541
5471,2541
5472,2541
5473,2541
5474,2541
2925,2543
2926,2543
2927,2543
2928,2543
2929,2543
2930,2543
2931,2543
4353,2543
4354,2543
4355,2543
657,2544
658,2544
659,2544
660,2544
661,2544
662,2544
5435,2544
5436,2544
5437,2544
674,2545
5459,2545
5460,2545
5461,2545
5462,2545
5463,2545
313,2546
314,2546
315,2546
5170,2546
5171,2546
677,2547
678,2547
679,2547
680,2547
681,2547
682,2547
683,2547
5586,2547
5587,2547
317,2548
318,2548
319,2548
320,2548
321,2548
322,2548
5172,2548
5173,2548
5174,2548
323,2549
324,2549
325,2549
5175,2549
5176,2549
5177,2549
4573,2550
4587,2550
4588,2550
4589,2550
4590,2550
4591,2550
4592,2550
4593,2550
4594,2550
4595,2550
4596,2550
4597,2550
4598,2550
5269,2550
335,2551
336,2551
337,2551
338,2551
339,2551
340,2551
341,2551
924,2552
925,2552
926,2552
927,2552
928,2552
929,2552
930,2552
5295,2552
5296,2552
5297,2552
5298,2552
5299,2552
353,2553
354,2553
357,2553
5045,2554
5046,2554
5047,2554
5048,2554
5049,2554
5050,2554
5051,2554
5052,2554
5054,2554
365,2555
366,2555
367,2555
368,2555
369,2555
370,2555
371,2555
568,2565
569,2565
1989,2574
2459,2575
615,2582
616,2582
617,2582
618,2582
619,2582
620,2582
5284,2582
5285,2582
5286,2582
5287,2582
1051,2584
5522,2584
5523,2584
5524,2584
5525,2584
5526,2584
4640,2585
4641,2585
4642,2585
4643,2585
4644,2585
4645,2585
4646,2585
4616,2586
4617,2586
4618,2586
4619,2586
4620,2586
4621,2586
4622,2586
4632,2586
248,2587
249,2587
250,2587
251,2587
252,2587
253,2587
254,2587
255,2587
623,2588
624,2588
5464,2588
5465,2588
5466,2588
5467,2588
5468,2588
5469,2588
1054,2589
1055,2589
1056,2589
5527,2589
5528,2589
5529,2589
4139,2590
4140,2590
4141,2590
4142,2590
4143,2590
4144,2590
4145,2590
4146,2590
4110,2591
4111,2591
4112,2591
4113,2591
4114,2591
4115,2591
2894,2592
2895,2592
2896,2592
2897,2592
2898,2592
2899,2592
4116,2592
4117,2592
1017,2593
1018,2593
1019,2593
1020,2593
1021,2593
5086,2597
783,2599
784,2599
785,2599
786,2599
5312,2599
5114,2601
5115,2601
5116,2601
5117,2601
5118,2601
5119,2601
5120,2601
5121,2601
5122,2601
5123,2601
5124,2601
5125,2601
5126,2601
5127,2601
5128,2601
5129,2601
4398,2604
1768,2605
1769,2605
468,2607
469,2607
1383,2615
4223,2618
4224,2618
4225,2618
4226,2618
4227,2618
4228,2618
4229,2618
4230,2618
4231,2618
4232,2618
4233,2618
4234,2618
4235,2618
4236,2618
4237,2618
4238,2618
4209,2620
4210,2620
4211,2620
4212,2620
4213,2620
4214,2620
4215,2620
4216,2620
4217,2620
4218,2620
4219,2620
4220,2620
4221,2620
4222,2620
508,2628
2713,2630
5219,2631
352,2636
356,2637
3798,2639
3799,2639
3800,2639
3801,2639
3802,2639
3803,2639
4721,2640
4722,2640
4723,2640
4724,2640
4725,2640
4726,2640
4727,2640
4728,2640
4729,2640
4730,2640
4731,2640
4732,2640
4733,2640
4734,2640
4735,2640
4736,2640
4737,2640
1898,2644
1899,2644
1900,2644
1901,2644
1700,2649
1701,2649
1702,2649
1703,2649
1704,2649
1705,2649
1755,2649
1721,2650
1722,2650
1756,2650
2431,2652
2432,2652
2433,2652
2434,2652
2435,2652
2436,2652
2437,2652
2438,2652
2439,2652
2440,2652
2123,2653
1333,2662
1334,2662
5746,2662
1325,2664
1326,2664
1327,2664
1328,2664
1329,2664
1342,2665
1344,2665
1345,2665
5747,2665
5748,2665
5859,2667
5860,2667
5754,2668
5755,2668
5756,2668
5757,2668
5758,2668
1373,2670
1374,2670
1375,2670
1394,2671
1395,2671
1396,2671
5682,2671
217,2672
219,2672
1441,2673
1442,2673
1443,2673
10,2674
11,2674
12,2674
5832,2674
1389,2677
1390,2677
1391,2677
2941,2678
2942,2678
2943,2678
3791,2680
3792,2680
1435,2681
1436,2681
1437,2681
1339,2682
1340,2682
1341,2682
1438,2683
1439,2683
1440,2683
1367,2684
1368,2684
2963,2684
1444,2685
1445,2685
1446,2685
1151,2686
1152,2686
5854,2686
4073,2688
4074,2688
4075,2688
4076,2688
4077,2688
4078,2688
4079,2688
4080,2688
4081,2688
4082,2688
4084,2689
4085,2689
4086,2689
4087,2689
4088,2689
4089,2689
4090,2689
1330,2692
1331,2692
1332,2692
2959,2693
2960,2693
2961,2693
5749,2693
1305,2694
1306,2694
5737,2694
3463,2701
3464,2701
3465,2701
3466,2701
3467,2701
3468,2701
3473,2702
3474,2702
632,2707
633,2707
634,2707
3143,2734
3144,2734
3145,2734
3146,2734
5841,2734
5842,2734
2402,2735
2179,2742
2094,2754
2065,2770
195,2773
2482,2792
5736,2792
1657,2794
1658,2794
2339,2795
2340,2795
1189,2796
184,2797
1680,2810
1248,2813
5889,2817
5890,2817
5891,2817
5892,2817
5893,2817
5894,2817
5895,2817
1937,2832
1970,2833
1971,2833
1972,2833
3658,2835
3659,2835
3660,2835
2003,2836
2004,2836
1243,2837
1244,2837
1245,2837
1247,2837
5752,2837
49,2839
2144,2840
2544,2841
1818,2842
1823,2844
2401,2847
4026,2861
4027,2861
4028,2861
4029,2861
4030,2861
4031,2861
4032,2861
4033,2861
3518,2862
3519,2862
3520,2862
3521,2862
3522,2862
3523,2862
3524,2862
3525,2862
1057,2865
1058,2865
1059,2865
1060,2865
1061,2865
1062,2865
3967,2865
3968,2865
2174,2867
2175,2867
2304,2874
2035,2886
2063,2893
2064,2893
2131,2894
2132,2894
2681,2895
2682,2895
2683,2895
2684,2895
2686,2895
2687,2895
5789,2895
2655,2896
2656,2896
2657,2896
2658,2896
5794,2896
5855,2905
1932,2908
1911,2910
1912,2910
3092,2913
3095,2913
5768,2913
5769,2913
5770,2913
5771,2913
2136,2914
2137,2914
2138,2914
2027,2920
2028,2920
2139,2925
1723,2931
1724,2931
1725,2931
1726,2931
3663,2935
3664,2935
3665,2935
3661,2938
3662,2938
2007,2940
2008,2940
3670,2961
3671,2961
492,2965
493,2965
3841,2966
3842,2966
3843,2966
3844,2966
1128,2970
2143,2980
1535,2981
1536,2981
1537,2981
4404,2990
4405,2990
4406,2990
4407,2990
4408,2990
4409,2990
2162,2993
124,3007
125,3007
126,3007
127,3007
128,3007
129,3007
130,3007
2744,3018
2343,3020
2344,3020
2345,3020
2346,3020
1875,3021
1876,3021
1877,3021
1878,3021
1879,3021
3421,3023
1870,3024
1871,3024
1872,3024
1873,3024
1874,3024
1860,3025
1861,3025
1862,3025
1863,3025
1864,3025
1865,3025
1866,3025
2637,3026
2638,3026
2639,3026
3166,3029
3169,3029
3171,3029
3172,3029
3173,3029
5846,3029
5847,3029
5848,3029
2984,3031
2985,3031
1763,3037
4544,3043
4545,3043
4546,3043
4547,3043
4548,3043
1358,3063
1359,3063
1360,3063
1361,3063
1362,3064
1363,3064
1364,3064
1369,3065
1370,3065
1371,3065
1372,3065
3056,3068
119,3076
1133,3077
3113,3079
4814,3088
4815,3088
4816,3088
4817,3088
4818,3088
2260,3099
2261,3099
2262,3099
2263,3099
2264,3099
2157,3101
2158,3101
2159,3101
2161,3101
2651,3105
2652,3105
1933,3106
1934,3106
1162,3111
1163,3111
1164,3111
1158,3112
1159,3112
1160,3112
1161,3112
1387,3117
1388,3117
1411,3119
1412,3119
4482,3119
4490,3120
4491,3120
4492,3120
4493,3120
3456,3121
3457,3121
4186,3129
4187,3129
4188,3129
4189,3129
4190,3129
4191,3129
4192,3129
4193,3129
4194,3129
4195,3129
4196,3129
4239,3130
4240,3130
4241,3130
4245,3131
609,3134
610,3134
4412,3134
4413,3134
4414,3134
4415,3134
4416,3134
495,3135
496,3135
497,3135
498,3135
4819,3135
4820,3135
4821,3135
4822,3135
4823,3135
1576,3139
1577,3139
2880,3139
5412,3139
5413,3139
2429,3143
1681,3144
1637,3146
1638,3146
1640,3146
5411,3146
1349,3147
1350,3147
1351,3147
1352,3147
1353,3147
1354,3148
1355,3148
1356,3148
1357,3148
1626,3154
1628,3154
348,3157
4417,3157
4418,3157
4419,3157
4420,3157
412,3166
413,3166
2849,3166
2850,3166
2851,3166
2852,3166
5426,3166
5427,3166
5428,3166
5429,3166
5430,3166
5431,3166
5432,3166
5433,3166
1748,3168
3148,3169
3149,3169
3150,3169
3151,3169
3152,3169
5843,3169
1082,3171
5881,3172
5882,3172
4435,3174
4436,3174
4437,3174
4438,3174
5716,3175
5717,3175
5718,3175
5719,3175
5720,3175
5721,3175
5722,3175
4052,3176
4053,3176
4054,3176
4055,3176
4056,3176
4057,3176
4058,3176
4059,3176
4060,3176
1786,3178
97,3179
98,3179
99,3179
100,3179
101,3179
5040,3179
5041,3179
5042,3179
5043,3179
5044,3179
2271,3180
2272,3180
1817,3182
2093,3192
1260,3194
1261,3194
1262,3194
1263,3194
1264,3194
1762,3203
4828,3206
4829,3206
4830,3206
4831,3206
4832,3206
4834,3206
4835,3206
5400,3206
5401,3206
5402,3206
5403,3206
2774,3216
2726,3223
3888,3231
3889,3231
3890,3231
3891,3231
3892,3231
3893,3231
3894,3232
1099,3235
1100,3235
1101,3235
1102,3235
59,3238
60,3238
1815,3240
1816,3240
2674,3241
2676,3241
2677,3241
2678,3241
2679,3241
5788,3241
5790,3241
2341,3242
2759,3243
3976,3250
3977,3250
1104,3254
1105,3254
1106,3254
1107,3254
1108,3254
4267,3256
4268,3256
4269,3256
4270,3256
4271,3256
4147,3258
4148,3258
4149,3258
4150,3258
4281,3260
4282,3260
4283,3260
4284,3260
4285,3260
4151,3261
4152,3261
4153,3261
4154,3261
2693,3262
2695,3262
5791,3262
5792,3262
5793,3262
4439,3263
4440,3263
4441,3263
4442,3263
4443,3263
4444,3263
4445,3263
2747,3264
5814,3264
5815,3264
5816,3264
5817,3264
5818,3264
5819,3264
5820,3264
1273,3276
1274,3276
1275,3276
1276,3276
1257,3277
1258,3277
1259,3277
304,3282
305,3282
306,3282
307,3282
308,3282
309,3282
310,3282
311,3282
3830,3282
3831,3282
3927,3283
3928,3283
3929,3283
3930,3283
3931,3283
3932,3283
3933,3283
3934,3283
3935,3283
3936,3283
3937,3283
3907,3284
3908,3284
3909,3284
3910,3284
3911,3284
3912,3284
3913,3284
3914,3284
3915,3284
3916,3284
3917,3284
2493,3285
2494,3285
2495,3285
2496,3285
2497,3285
2498,3285
2499,3285
2500,3285
663,3286
664,3286
665,3286
666,3286
5591,3286
5592,3286
5593,3286
5594,3286
1882,3291
1883,3291
1884,3291
447,3300
2037,3302
3719,3306
3720,3306
3721,3306
3722,3306
3723,3306
3239,3307
3240,3307
3241,3307
3242,3307
3243,3307
3738,3308
3739,3308
3740,3308
3741,3308
3742,3308
3743,3308
3744,3308
3745,3308
4885,3310
4886,3310
4887,3310
4888,3310
4889,3310
4890,3310
4891,3310
4892,3310
2462,3311
2463,3311
2924,3312
187,3313
188,3313
1121,3316
136,3318
137,3318
138,3318
2819,3319
56,3320
4926,3320
2193,3322
2194,3322
2195,3322
2196,3322
5775,3322
2857,3323
2858,3323
2859,3323
2860,3323
2861,3323
3049,3325
3050,3325
3051,3325
3052,3325
3053,3325
3054,3325
3074,3327
3075,3327
5865,3327
4540,3329
4541,3329
4542,3329
4543,3329
3444,3330
4537,3331
1819,3335
4272,3337
4273,3337
4274,3337
4275,3337
4276,3337
4277,3337
4278,3337
4279,3337
4280,3337
3599,3340
3600,3340
3601,3340
4036,3341
4037,3341
4038,3341
4039,3341
4040,3341
4041,3341
4042,3342
4043,3342
4044,3342
4045,3342
4046,3342
2980,3344
2981,3344
2296,3346
509,3348
511,3348
512,3348
514,3348
515,3348
516,3348
517,3348
518,3348
519,3348
520,3348
5356,3348
5357,3348
1990,3350
3715,3351
1782,3354
3027,3355
3028,3355
3029,3355
3030,3355
3031,3355
3032,3355
3033,3355
5838,3355
5839,3355
5840,3355
869,3366
870,3366
871,3366
872,3366
873,3366
5547,3366
5548,3366
111,3372
112,3372
113,3372
4947,3372
4948,3372
4949,3372
651,3385
5442,3385
5443,3385
5444,3385
5445,3385
5446,3385
5447,3385
5448,3385
5449,3385
5450,3385
5451,3385
5452,3385
5453,3385
5454,3385
91,3388
92,3388
1253,3391
1254,3391
1255,3391
4528,3392
4529,3392
4530,3392
4531,3392
4532,3392
4533,3392
4534,3392
4535,3392
3022,3405
3023,3405
3024,3405
3025,3405
3026,3405
874,3406
875,3406
5549,3406
5550,3406
2854,3408
739,3409
740,3409
5581,3409
5582,3409
5583,3409
274,3413
275,3413
276,3413
277,3413
278,3413
279,3413
5137,3413
5138,3413
5139,3413
280,3415
281,3415
283,3415
5163,3415
5164,3415
5165,3415
5166,3415
50,3416
1767,3425
2076,3428
2081,3428
989,3430
1199,3432
5221,3432
5222,3432
957,3433
958,3433
959,3433
960,3433
961,3433
5551,3433
5552,3433
1278,3441
1279,3441
2235,3443
2236,3443
2237,3443
2114,3457
2640,3458
2641,3458
2342,3462
4375,3463
4376,3463
4377,3463
4378,3463
4752,3464
4753,3464
4754,3464
4755,3464
2558,3465
2559,3465
2561,3465
2562,3465
5702,3465
5738,3467
5739,3467
5740,3467
5741,3467
5742,3467
5743,3467
5744,3467
2727,3474
2735,3475
2736,3475
2737,3475
2738,3475
2739,3475
2740,3476
2741,3476
2742,3476
2743,3476
185,3480
186,3480
2709,3485
2710,3485
2711,3485
2712,3485
364,3486
4483,3504
4484,3504
1088,3507
1089,3507
5595,3507
5596,3507
5597,3507
5598,3507
1606,3514
1607,3514
1608,3514
1609,3514
1610,3514
699,3525
700,3525
701,3525
5584,3525
5585,3525
347,3529
2520,3538
358,3539
1424,3542
1425,3542
1426,3542
1080,3543
2172,3544
2460,3557
2265,3560
2266,3560
2267,3560
2268,3560
2269,3560
2270,3560
2473,3564
51,3568
52,3568
2569,3569
2570,3569
1069,3571
1070,3571
1071,3571
1072,3571
1073,3571
2066,3573
2067,3573
2068,3573
2070,3573
435,3574
437,3574
439,3574
440,3574
5341,3574
5342,3574
5343,3574
5344,3574
1504,3575
1505,3575
244,3576
245,3576
246,3576
247,3576
77,3577
3002,3578
3003,3578
3004,3578
3005,3579
3006,3579
3008,3579
5833,3579
921,3580
922,3580
923,3580
5300,3580
5301,3580
5302,3580
5303,3580
5304,3580
5305,3580
3584,3581
5209,3581
3585,3584
936,3585
937,3585
938,3585
939,3585
940,3585
941,3585
942,3585
394,3590
395,3590
396,3590
1457,3591
1458,3591
1459,3591
1460,3591
1461,3591
1462,3591
1463,3591
3010,3592
3011,3592
1464,3593
1465,3593
1466,3593
1467,3593
1468,3593
1469,3593
1488,3594
1489,3594
1490,3594
1491,3594
2767,3595
2768,3595
2769,3595
2770,3595
2771,3595
2772,3595
2773,3595
2952,3598
2953,3598
2954,3598
2955,3598
2956,3598
2957,3598
2958,3598
5656,3598
3125,3605
3128,3605
5872,3605
2564,3608
2565,3608
2566,3608
4071,3615
4072,3615
1077,3616
1078,3616
5322,3616
5323,3616
5324,3616
5325,3616
5326,3616
5327,3616
1075,3617
1076,3617
3174,3618
3175,3618
3176,3618
3177,3618
16,3619
17,3619
18,3619
19,3619
20,3619
4967,3619
4968,3619
4969,3619
4970,3619
3258,3622
3259,3622
2814,3625
2815,3625
5828,3625
374,3629
375,3629
376,3629
377,3629
378,3629
379,3629
380,3629
381,3629
4262,3629
4263,3629
4264,3629
4265,3629
4266,3629
1663,3630
1664,3630
1665,3630
1666,3630
5228,3630
2200,3633
2201,3633
2202,3633
2203,3633
2192,3638
3487,3639
3488,3639
3489,3639
3490,3639
2204,3642
2205,3642
2206,3642
2207,3642
2208,3642
3653,3646
1803,3648
2243,3654
3642,3659
3643,3659
3644,3659
3646,3659
3647,3659
3648,3659
3649,3659
4448,3659
191,3661
192,3661
795,3666
796,3666
761,3668
762,3668
763,3668
2251,3669
2252,3669
189,3670
190,3670
4712,3672
4713,3672
4714,3672
4715,3672
4716,3672
4717,3672
4718,3672
4719,3672
4720,3672
5270,3673
1731,3680
1733,3680
5916,3680
5917,3680
5918,3680
5919,3680
5920,3680
1739,3681
1734,3682
1735,3682
3165,3692
3161,3693
3162,3693
3163,3693
3164,3693
3153,3695
3154,3695
3155,3695
3156,3695
1143,3697
1144,3697
1145,3697
1146,3697
1147,3697
1148,3697
1149,3697
1150,3697
4950,3698
4951,3698
4952,3698
4953,3698
4954,3698
4955,3698
4956,3698
4957,3698
4958,3698
4959,3698
4960,3698
4961,3698
4962,3698
4963,3698
4964,3698
421,3716
422,3716
887,3723
5534,3723
5535,3723
5536,3723
5537,3723
5538,3723
5539,3723
5540,3723
5541,3723
5542,3723
888,3724
889,3724
890,3724
5533,3724
162,3727
163,3727
2031,3728
2385,3733
2386,3733
2387,3733
2388,3733
2389,3733
1654,3735
480,3744
482,3744
483,3744
5351,3744
5352,3744
5353,3744
5354,3744
5355,3744
453,3745
454,3745
455,3745
456,3745
5345,3745
5346,3745
5347,3745
5348,3745
5349,3745
5350,3745
886,3749
5553,3749
5554,3749
5555,3749
5556,3749
5557,3749
2404,3752
2405,3752
2406,3752
2407,3752
2476,3753
2477,3753
2478,3753
2479,3753
2480,3753
2481,3753
2417,3754
2418,3754
1905,3755
1906,3755
1907,3755
1908,3755
1281,3756
1282,3756
3832,3756
1820,3763
1821,3763
1822,3763
1524,3787
1525,3787
1526,3787
1527,3787
1528,3787
4388,3787
4389,3787
4390,3787
4391,3787
4392,3787
4393,3787
4394,3787
4395,3787
2666,3797
2667,3797
2668,3797
2669,3797
2670,3797
2671,3797
1136,3812
1137,3812
1138,3812
1139,3812
1140,3814
1141,3814
1142,3814
1172,3816
3559,3823
3560,3823
3561,3823
3562,3823
3564,3823
3565,3823
3568,3823
3569,3823
3573,3823
2373,3831
2374,3831
2375,3831
1740,3833
1741,3833
1742,3833
1743,3833
1744,3833
1745,3833
1746,3833
1747,3833
3281,3841
3282,3841
3283,3841
3284,3841
3285,3841
3286,3841
3287,3841
3264,3842
3265,3842
3266,3842
3306,3853
5237,3853
3344,3854
3345,3854
144,3861
147,3861
149,3861
150,3861
5013,3861
2967,3866
2969,3867
1677,3873
1678,3873
2509,3876
2510,3876
5778,3876
5779,3876
5780,3876
5781,3876
5782,3876
175,3879
176,3879
177,3879
178,3879
179,3879
180,3879
181,3879
182,3879
4286,3880
4287,3880
4288,3880
4289,3880
521,3882
1928,3884
1929,3884
3974,3892
3975,3892
2278,3897
2279,3897
2280,3897
2281,3897
5675,3897
5676,3897
3532,3898
3533,3898
3534,3898
3535,3898
3536,3898
3537,3898
3538,3898
3539,3898
3540,3898
3541,3898
3250,3904
3251,3904
3252,3904
2701,3905
2702,3905
2703,3905
2704,3905
2705,3905
4705,3909
4706,3909
4707,3909
4708,3909
4709,3909
4710,3909
4711,3909
1619,3912
4699,3916
4700,3916
4701,3916
4702,3916
4703,3916
4704,3916
1620,3918
1621,3918
1622,3918
3699,3919
3700,3919
3701,3919
5331,3931
5332,3931
5333,3931
5334,3931
5335,3931
5336,3931
5337,3931
5338,3931
5339,3931
5340,3931
473,3932
3859,3935
3860,3935
3861,3935
3862,3935
2283,3936
2284,3936
2285,3936
2152,3937
2153,3937
2154,3937
2155,3937
2286,3939
2287,3939
2288,3939
2289,3939
1555,3941
1556,3941
1557,3941
3375,3946
3376,3946
3377,3946
3378,3946
3379,3946
1492,3947
1493,3947
1494,3947
1495,3947
1496,3947
1497,3947
1498,3947
4475,3950
3593,3951
3594,3951
3595,3951
3596,3951
3597,3951
3598,3951
4738,3954
4739,3954
4740,3954
4741,3954
4742,3954
4743,3954
1409,3957
1410,3957
2029,3962
4447,3962
2875,3963
3262,3964
2938,3965
2939,3965
2940,3965
3445,3966
3087,3968
3091,3968
5868,3968
504,3972
2728,3973
1348,3974
3400,3985
3401,3985
5907,3985
1118,3996
1119,3996
1120,3996
1318,3999
167,4006
2521,4028
1886,4040
1887,4040
1888,4040
1889,4040
5014,4040
5798,4048
4061,4051
4062,4051
4064,4051
5912,4051
1809,4052
1810,4052
1811,4052
1812,4052
1813,4052
1814,4052
3579,4056
3580,4056
5208,4056
3263,4066
1623,4084
1624,4084
461,4098
5635,4108
397,4113
2553,4118
2555,4118
2557,4118
3688,4125
3689,4125
3690,4125
3261,4126
766,4127
767,4127
768,4127
2824,4128
2825,4128
2826,4128
2827,4128
2828,4128
779,4129
3887,4129
400,4130
401,4130
402,4130
403,4130
404,4130
405,4130
1668,4132
3837,4133
831,4142
832,4142
833,4142
834,4142
835,4142
836,4142
837,4142
838,4142
1165,4142
4458,4145
4459,4145
4460,4145
4461,4145
4462,4145
4463,4145
4464,4145
4465,4145
4466,4145
4467,4145
4468,4145
4469,4145
4470,4145
4471,4145
4472,4145
4473,4145
4474,4145
3746,4148
3747,4148
3748,4148
3749,4148
3750,4148
3751,4148
3752,4148
3753,4148
3754,4148
3755,4148
2603,4149
3779,4151
2636,4152
350,4153
2315,4158
2317,4159
430,4168
2021,4170
2022,4170
3076,4193
3077,4193
3078,4193
3079,4193
2615,4194
2616,4194
2617,4194
2618,4194
2619,4194
2620,4194
155,4196
1226,4197
1227,4197
1228,4197
1229,4197
1230,4197
2862,4198
2864,4198
2866,4198
3140,4199
3141,4199
3142,4199
3137,4200
5896,4200
1538,4213
1539,4213
3714,4220
4170,4222
4171,4222
4172,4222
4173,4222
4174,4222
4175,4222
212,4227
213,4227
215,4227
2105,4228
2982,4229
2983,4229
2659,4233
2660,4233
2661,4233
2662,4233
2663,4233
2664,4233
2665,4233
1090,4234
1091,4234
1093,4234
5328,4234
5329,4234
5330,4234
27,4237
28,4237
29,4237
30,4237
31,4237
32,4237
4971,4237
4972,4237
4973,4237
2591,4238
1683,4240
1684,4240
1685,4240
1691,4241
1692,4241
1693,4241
1694,4241
2724,4244
5074,4250
5075,4250
2042,4251
2290,4261
2293,4264
2294,4264
2295,4264
5706,4265
5707,4265
5708,4265
5709,4265
441,4266
442,4266
443,4266
444,4266
206,4273
207,4273
2505,4274
2032,4282
476,4287
477,4287
478,4287
2351,4290
484,4292
486,4292
2760,4299
2761,4299
2762,4299
2763,4299
2764,4299
2765,4299
2766,4299
1519,4300
1520,4300
1521,4300
1522,4300
1523,4300
5039,4304
1272,4307
3756,4312
3757,4312
3758,4312
3759,4312
3760,4312
3761,4312
3762,4312
3763,4312
3764,4312
3765,4312
3766,4312
2786,4317
168,4331
160,4333
161,4333
5130,4334
5131,4334
1470,4338
1475,4338
1476,4338
1477,4338
1478,4338
1479,4338
1660,4342
1661,4342
2363,4345
2365,4345
1641,4355
1642,4355
1643,4355
1413,4365
1414,4365
1415,4365
1416,4365
1417,4365
1418,4365
1419,4365
1420,4365
3863,4365
3864,4365
2626,4371
2627,4371
2628,4371
2629,4371
2173,4375
4664,4377
4665,4377
4666,4377
2366,4385
2043,4387
2044,4387
2045,4387
2046,4387
2047,4387
2367,4389
2369,4394
1918,4396
1919,4396
1920,4396
1921,4396
1922,4396
1923,4396
1924,4396
2370,4398
2361,4399
363,4414
2362,4418
122,4425
2400,4438
2457,4447
1679,4450
2729,4452
2730,4452
2731,4452
2732,4452
117,4454
2831,4455
1913,4457
1915,4457
4578,4471
1103,4473
787,4474
788,4474
1134,4477
2590,4479
2215,4480
2216,4480
3394,4482
3395,4482
5900,4482
5901,4482
3503,4484
3504,4484
3505,4484
3506,4484
3507,4484
3508,4484
3509,4485
3510,4485
3511,4485
3512,4485
3513,4485
3514,4485
3515,4485
3516,4485
3517,4485
1043,4490
1044,4490
1045,4490
2142,4492
1095,4493
1096,4493
1097,4493
1098,4493
5514,4493
5515,4493
5516,4493
5517,4493
5518,4493
5519,4493
5520,4493
5521,4493
470,4503
475,4504
3475,4525
3476,4525
3477,4525
3478,4525
1513,4527
1514,4527
1515,4527
1516,4527
1517,4527
1518,4527
5911,4527
3412,4528
3413,4528
3414,4528
3415,4528
1483,4530
1484,4530
4396,4530
4397,4530
1896,4532
3526,4533
3527,4533
3528,4533
3529,4533
3530,4533
3531,4533
3491,4535
1485,4546
1486,4546
1487,4546
2318,4549
2319,4549
2320,4549
2321,4549
2322,4549
2323,4549
2324,4549
2325,4549
2326,4549
2327,4549
3588,4557
5661,4557
5662,4557
5663,4557
3083,4558
3084,4558
5863,4559
5864,4559
3422,4561
3423,4561
3424,4561
3425,4561
3486,4565
3589,4569
3590,4569
3591,4569
3592,4569
3586,4571
1153,4572
1154,4572
1155,4572
3273,4575
3274,4575
3275,4575
2990,4577
1499,4581
1500,4581
1501,4581
1502,4581
1503,4581
3856,4583
3857,4583
3858,4583
635,4586
636,4586
637,4586
638,4586
5414,4586
5415,4586
5416,4586
1114,4590
2379,4594
2380,4594
3666,4595
24,4599
5053,4599
2030,4605
3046,4608
3047,4608
3048,4608
1836,4615
1837,4615
1838,4615
1839,4615
1840,4615
1841,4615
3296,4619
3297,4619
3298,4619
3288,4623
3289,4623
3290,4623
3291,4623
3292,4623
3293,4623
3294,4623
3295,4623
4927,4629
4928,4629
4929,4629
4930,4629
4931,4629
4932,4629
4933,4629
4934,4629
4935,4629
4936,4629
4937,4629
4938,4629
4940,4629
4942,4629
4943,4629
4944,4629
4945,4629
4946,4629
1930,4630
1931,4630
3978,4630
2781,4632
2506,4633
2411,4635
2412,4635
2413,4635
2414,4635
2415,4635
2416,4635
907,4636
5292,4636
839,4640
840,4640
842,4640
843,4640
844,4640
5545,4640
5546,4640
2699,4644
2700,4644
3322,4645
3323,4645
3324,4645
3325,4645
3326,4645
2647,4648
2648,4648
2649,4648
2650,4648
1307,4653
1308,4653
1309,4653
1310,4653
5418,4653
5419,4653
5420,4653
5421,4653
5422,4653
5679,4653
5680,4653
5681,4653
4908,4656
4909,4656
4912,4656
5232,4656
5723,4656
2784,4660
2932,4664
415,4669
2587,4670
2588,4670
2589,4670
2688,4690
2689,4690
2690,4690
2691,4690
2692,4690
2697,4691
2698,4691
1952,4695
1953,4695
1954,4695
1135,4698
4427,4702
4428,4702
4893,4705
4894,4705
4895,4705
4896,4705
4897,4705
4898,4705
4899,4705
4900,4705
4901,4705
2599,4710
2600,4710
5943,4711
5944,4711
4126,4713
4127,4713
4128,4713
2799,4714
2800,4714
2801,4714
2802,4714
2803,4714
2804,4714
2805,4714
2806,4714
4902,4722
4903,4722
4904,4722
4905,4722
2934,4723
2935,4723
1086,4729
1087,4730
5599,4730
5600,4730
5601,4730
5602,4730
5603,4730
5604,4730
5605,4730
5606,4730
5607,4730
5608,4730
5609,4730
5610,4730
5611,4730
5612,4730
1599,4732
1600,4732
1601,4732
1602,4732
1603,4732
1604,4733
1605,4733
3704,4735
3705,4735
3706,4735
3707,4735
3708,4735
3709,4735
3710,4735
3711,4735
3712,4735
3713,4735
1611,4738
1612,4738
1613,4738
1614,4738
2970,4738
4300,4739
4301,4739
4302,4739
4303,4739
4304,4740
4305,4740
4306,4740
4307,4740
668,4749
669,4749
670,4749
5588,4749
5589,4749
5590,4749
1545,4752
1546,4752
1547,4752
1548,4752
1549,4752
1550,4752
1982,4754
1983,4754
1984,4754
1506,4755
1507,4755
1508,4755
1509,4755
1510,4755
1511,4755
1512,4755
5899,4762
26,4766
2182,4770
2183,4770
2184,4770
2185,4770
2186,4770
2187,4770
2189,4771
3702,4773
3703,4773
2483,4774
2484,4774
2485,4774
2486,4774
2487,4774
2488,4774
2489,4774
2490,4774
2491,4774
2492,4774
4091,4785
4092,4785
4093,4785
4094,4785
4095,4785
570,4787
571,4787
572,4787
573,4787
2122,4788
2445,4789
3675,4794
3676,4794
3677,4794
3678,4794
3679,4794
3680,4794
1655,4796
3347,4797
3348,4797
3349,4797
3350,4797
3351,4797
3361,4798
3362,4798
3363,4798
3364,4798
3365,4798
3833,4799
3834,4799
1122,4803
1365,4805
3100,4806
3101,4806
5866,4806
4317,4809
3102,4810
3104,4810
3105,4810
3106,4810
3108,4810
5867,4810
625,4812
626,4812
627,4812
969,4813
970,4813
971,4813
972,4813
973,4813
974,4813
975,4813
976,4813
977,4813
579,4814
580,4814
581,4814
582,4814
583,4814
3823,4814
3617,4815
3618,4815
3619,4815
3620,4815
3629,4815
3630,4815
3631,4815
3632,4815
3633,4815
1551,4816
1552,4816
1553,4816
5647,4816
3276,4820
3277,4820
3278,4820
3279,4820
3280,4820
3057,4822
3058,4822
3059,4822
3060,4822
3061,4822
3063,4822
3064,4822
628,4825
629,4825
630,4825
631,4825
1991,4828
1992,4828
1993,4828
1994,4828
1995,4828
1996,4828
1997,4828
1998,4828
3407,4829
3408,4829
3409,4829
3410,4829
3411,4829
1674,4831
1675,4831
3447,4835
3448,4835
3449,4835
3450,4835
3451,4835
3452,4835
2403,4836
1689,4842
1690,4842
5915,4842
1695,4843
1696,4843
1697,4843
1698,4843
1699,4843
4655,4844
4656,4844
4657,4844
4658,4844
4647,4845
4649,4845
4650,4845
4651,4845
4652,4845
4653,4845
5055,4846
5056,4846
5057,4846
5058,4846
5059,4846
5060,4846
5061,4846
5062,4846
5063,4846
5064,4846
5065,4846
5066,4846
5067,4846
652,4847
653,4847
654,4847
655,4847
656,4847
4599,4847
4600,4847
4601,4847
4602,4847
4603,4847
4604,4847
2397,4850
2398,4850
1271,4858
1347,4861
4476,4862
4477,4862
4478,4862
4479,4862
4480,4862
4481,4862
1171,4866
2511,4867
2409,4870
2410,4870
1764,4874
2018,4878
2019,4878
2020,4878
173,4888
4863,4890
4864,4890
5147,4897
5148,4897
5149,4897
5150,4897
5151,4897
5152,4897
2832,4898
2833,4898
2834,4898
2835,4898
2836,4898
2837,4898
4683,4899
4684,4899
4685,4899
4686,4899
4687,4899
4688,4899
4811,4900
4812,4900
4813,4900
2839,4907
2840,4907
2844,4908
2845,4908
2846,4908
2847,4908
2848,4908
1471,4909
1472,4909
1473,4909
1474,4909
2474,4911
1292,4916
1662,4917
1808,4919
5313,4928
5315,4928
5316,4928
5317,4928
2733,4929
4155,4952
4744,4956
3587,4962
851,4968
852,4968
854,4968
855,4968
856,4968
5543,4968
5544,4968
746,4970
747,4970
748,4970
749,4970
750,4970
751,4970
752,4970
753,4970
754,4970
755,4970
756,4970
757,4970
996,4971
997,4971
998,4971
999,4971
1000,4971
1001,4971
1002,4971
1003,4971
1004,4971
1005,4971
1006,4971
820,4972
821,4972
822,4972
824,4972
825,4972
826,4972
5577,4972
5578,4972
5579,4972
5580,4972
83,4991
84,4991
85,4991
86,4991
87,4991
88,4991
89,4991
2378,4996
2470,5003
2471,5003
2472,5003
5200,5006
5201,5006
5202,5006
5204,5006
183,5008
2962,5009
2706,5011
2707,5011
3482,5015
3483,5015
3484,5015
3485,5015
1123,5018
1124,5018
1125,5018
1126,5018
1127,5018
2447,5034
4083,5036
4096,5037
4097,5037
4098,5037
4099,5037
4100,5037
39,5041
43,5041
44,5041
45,5041
46,5041
47,5041
48,5041
4450,5041
4451,5041
4452,5041
4453,5041
4454,5041
4455,5041
4456,5041
4457,5041
1935,5042
1936,5042
2177,5046
5434,5047
5856,5049
5857,5049
5858,5049
1669,5068
1670,5068
1672,5068
2190,5072
2191,5072
2198,5073
2199,5073
4865,5095
4866,5095
4867,5095
4868,5095
4869,5095
4870,5095
4871,5095
4872,5095
4873,5095
4874,5095
4875,5095
4876,5095
4877,5095
4878,5095
4879,5095
4880,5095
4881,5095
4882,5095
4883,5095
2841,5097
2842,5097
1559,5100
1560,5100
1562,5100
1563,5100
5648,5100
5649,5100
5650,5100
5651,5100
5652,5100
5653,5100
1564,5101
1565,5101
1566,5101
1567,5101
1568,5101
1569,5101
1022,5111
1023,5111
1024,5111
1377,5114
5677,5114
5678,5114
4002,5116
1651,5117
1652,5117
2224,5118
1760,5120
1761,5120
2297,5124
2441,5126
2442,5126
2443,5126
2444,5126
3724,5128
3725,5128
3726,5128
3727,5128
3728,5128
3729,5128
3730,5128
3731,5128
3732,5128
3733,5128
3734,5128
3735,5128
432,5129
406,5135
407,5135
408,5135
409,5135
410,5135
411,5135
5366,5135
5367,5135
5368,5135
5369,5135
5370,5135
5371,5135
5372,5135
423,5136
424,5136
425,5136
426,5136
427,5136
428,5136
429,5136
1238,5137
5424,5137
5425,5137
1615,5138
1616,5138
1617,5138
1644,5140
1645,5140
1646,5140
1647,5140
1648,5140
1649,5140
1650,5140
1588,5141
1589,5141
1590,5141
1591,5141
1592,5141
1593,5141
1594,5141
1595,5141
1596,5141
1597,5141
1598,5141
4118,5142
4119,5142
4120,5142
4121,5142
4122,5142
4123,5142
4124,5142
4125,5142
4129,5143
4130,5143
4131,5143
4132,5143
4133,5143
4134,5143
4135,5143
4136,5143
4137,5143
4138,5143
2551,5146
2552,5146
90,5147
2714,5149
2715,5149
2716,5149
2717,5149
2718,5149
2734,5150
2782,5151
5922,5153
164,5154
165,5154
4249,5156
4250,5156
4251,5156
4252,5156
4253,5156
4254,5156
931,5163
932,5163
933,5163
935,5163
5942,5163
3436,5167
2376,5170
2377,5170
2125,5171
2126,5171
3639,5174
3640,5174
5724,5174
5725,5174
5726,5174
2108,5176
2109,5177
1686,5183
1687,5183
1707,5183
1708,5183
1709,5183
1710,5183
1711,5183
1712,5183
1713,5183
1714,5183
1715,5183
1716,5183
1718,5183
1845,5188
2033,5189
2034,5189
1846,5191
1890,5192
2357,5205
3228,5206
3229,5206
3230,5206
3231,5206
3232,5206
3233,5206
4861,5210
4862,5210
2936,5215
2937,5215
1807,5216
3014,5216
2614,5218
2176,5220
157,5221
1540,5225
1541,5225
1542,5225
1543,5225
1544,5225
1181,5233
1182,5233
1183,5233
1184,5233
1185,5233
3234,5234
3235,5234
3236,5234
3237,5234
3238,5234
1231,5235
1232,5235
1233,5235
1234,5235
2328,5236
2329,5236
2330,5236
2331,5236
3319,5238
3320,5238
3321,5238
3672,5239
3673,5239
3674,5239
5849,5241
5850,5241
5851,5241
5852,5241
5853,5241
3695,5248
3696,5248
3697,5248
3698,5248
5923,5248
3479,5250
3480,5250
3481,5250
3136,5251
2229,5254
2230,5254
2231,5254
2232,5254
2233,5254
3548,5285
3549,5285
3550,5285
3551,5285
1653,5304
3542,5305
2355,5308
829,5311
830,5311
5178,5317
5179,5317
121,5318
3426,5319
3785,5324
4001,5324
346,5330
445,5342
2127,5352
2128,5352
2129,5352
2130,5352
2745,5354
2746,5354
4410,5357
4411,5357
1,5360
2,5360
3,5360
1824,5361
1825,5361
1826,5362
1827,5362
1828,5362
1829,5362
1830,5362
1831,5362
2360,5364
2372,5364
3390,5368
3391,5368
3392,5368
3393,5368
2074,5370
2075,5371
2072,5373
2073,5374
2451,5377
2452,5377
2453,5377
2454,5377
2455,5377
1399,5381
1400,5381
1401,5381
1404,5382
1405,5382
3178,5398
3773,5399
3774,5399
3775,5399
3776,5399
3777,5399
1224,5400
1225,5400
2358,5401
2359,5401
1180,5402
1084,5403
1085,5403
758,5404
759,5404
760,5404
2238,5411
4517,5412
4518,5412
4519,5412
4520,5412
4521,5412
4522,5412
4523,5412
4524,5412
4003,5413
4004,5413
4509,5414
40,5417
3768,5418
3769,5418
3770,5418
171,5419
172,5419
3771,5419
3249,5424
2550,5428
3716,5429
3717,5429
3718,5429
3112,5430
5869,5430
5870,5430
5871,5430
3247,5441
3299,5442
3300,5442
3301,5442
3302,5442
3303,5442
3304,5442
284,5448
2023,5449
2024,5449
2025,5449
2026,5449
3209,5450
5229,5450
5230,5450
5231,5450
2465,5451
2466,5451
2467,5451
2468,5451
2390,5452
2391,5452
2446,5490
3453,5493
3454,5493
3455,5493
1736,5494
1737,5494
1738,5494
2356,5495
3248,5499
118,5506
2053,5508
2054,5508
2055,5508
2056,5508
2057,5508
2058,5508
1850,5523
1851,5523
1852,5523
1853,5523
1854,5523
1855,5523
1856,5523
1857,5523
1858,5523
1859,5523
556,5527
557,5527
558,5527
559,5527
560,5527
561,5527
562,5527
978,5528
979,5528
980,5528
981,5528
982,5528
983,5528
984,5528
985,5528
986,5528
2171,5532
360,5534
361,5535
362,5538
2624,5550
1894,5553
1895,5553
2014,5560
2015,5560
2016,5560
2392,5564
3446,5568
487,5569
174,5572
2049,5576
2050,5576
2051,5576
2052,5576
120,5589
2168,5591
2060,5612
1173,5613
2059,5614
372,5615
2169,5616
3043,5619
3044,5619
5076,5620
5077,5620
1787,5623
4965,5627
4966,5628
1832,5629
1833,5629
1834,5629
1835,5629
3641,5630
3780,5635
5628,5635
5629,5635
5630,5635
5631,5635
3781,5636
5624,5636
3783,5644
5625,5644
5626,5644
5627,5644
414,5649
2889,5652
2890,5652
2891,5652
2892,5652
2893,5652
4671,5652
4672,5652
4673,5652
4674,5652
2973,5653
2974,5653
5068,5653
5069,5653
5070,5653
5071,5653
5072,5653
5073,5653
2881,5654
5154,5654
5155,5654
5156,5654
5157,5654
5158,5654
4689,5655
4690,5655
4691,5655
4692,5655
4693,5655
4694,5655
4695,5655
4696,5655
4697,5655
4698,5655
5159,5658
5160,5658
5161,5658
5162,5658
131,5659
132,5660
133,5660
134,5660
142,5661
123,5662
152,5664
153,5664
38,5666
3253,5672
3254,5672
3255,5672
3256,5672
3257,5672
135,5674
140,5675
141,5675
158,5676
231,5682
243,5683
260,5684
264,5686
1074,5687
265,5688
266,5689
267,5690
268,5691
1758,5691
1759,5691
269,5692
270,5692
271,5693
272,5693
4668,5694
4669,5694
4670,5694
3796,5695
451,5697
689,5698
690,5698
494,5700
5505,5703
5507,5703
5508,5703
5509,5703
5512,5703
590,5704
591,5704
5500,5704
5501,5704
5504,5704
593,5705
594,5705
5489,5705
5490,5705
5491,5705
5492,5705
600,5706
601,5706
5493,5706
5494,5706
5495,5706
5496,5706
612,5707
613,5707
5485,5707
5486,5707
5672,5707
5666,5708
5667,5708
5668,5708
5669,5708
5785,5708
5475,5709
5476,5709
5478,5709
5479,5709
5482,5709
676,5710
817,5713
5638,5713
1909,5717
1910,5717
1094,5718
1156,5719
1157,5719
1166,5720
1167,5720
1168,5720
1169,5720
1170,5720
1174,5721
1296,5726
1297,5726
1366,5728
1427,5731
1428,5731
1429,5731
1430,5731
1431,5731
1432,5731
1433,5731
1448,5733
1449,5733
1452,5734
1453,5734
1454,5734
1455,5734
1456,5734
3352,5737
1720,5739
1757,5748
3650,5752
3651,5752
3652,5752
1849,5755
1868,5756
1869,5756
1893,5758
1902,5759
1963,5759
1964,5759
1966,5759
1967,5759
1969,5759
5767,5759
1938,5761
1939,5761
1955,5762
1948,5763
1956,5766
1957,5768
1960,5769
1961,5770
1981,5774
1985,5775
3055,5778
2188,5784
2277,5785
2282,5785
2420,5789
2421,5789
2469,5792
2543,5794
2545,5794
2546,5794
2586,5795
2672,5801
2673,5801
2696,5802
2748,5806
2749,5806
2751,5807
5102,5807
4246,5810
3157,5817
3158,5817
3159,5818
3160,5818
3204,5819
3205,5819
3206,5819
3207,5819
3208,5819
3219,5820
3220,5820
3221,5820
3222,5820
3838,5821
3839,5821
3244,5822
3245,5822
3366,5828
5886,5831
5887,5831
5888,5831
3543,5833
3616,5836
3736,5841
3737,5841
3767,5843
3772,5844
3782,5848
3835,5851
3836,5851
3840,5853
4163,5858
4361,5862
4362,5862
4363,5862
4364,5862
4372,5864
4373,5865
4374,5866
4387,5867
4824,5880
5181,5909
5182,5909
5183,5909
5207,5928
5210,5938
5211,5938
5513,15722
5212,21860
5233,21862
5235,21862
5236,21862
5258,21864
5259,21864
5260,21864
5261,21864
5262,21864
5263,21864
5264,21864
5265,21864
5266,21864
5267,21864
5268,21865
5362,21867
5363,21867
5364,21867
5632,22036
5683,22049
5684,22049
5685,22049
5686,22050
5687,22050
5688,22050
5689,22050
5690,22050
5691,22050
5692,22050
5693,22050
5694,22050
5695,22050
5696,22050
5697,22050
5772,22056
5773,22056
5774,22056
5783,22058
5784,22059
5829,22060
5830,22060
5898,22062
5908,22063
5909,22063
5910,22063
